{"cameraMode":{"drawMode":0,"name":"Shaded","section":"Shading Mode"},"sceneLighting":false,"audioPlay":false,"sceneViewState":{"showFog":true,"showMaterialUpdate":true,"showSkybox":false,"showFlares":true,"showImageEffects":true,"showParticleSystems":true},"in2DMode":false,"pivot":{"x":-359.22613525390627,"y":-633.4893188476563,"z":4512.16259765625},"rotation":{"x":-0.205790176987648,"y":0.11769183725118637,"z":-0.024938812479376794,"w":-0.9711745381355286},"size":824.52880859375,"orthographic":false}